Budget,FB_Spend,GG_Spend,Expected_Sales,ROI
5000,500.0000000000314,4499.999999999968,325.0771521290806,65.01543042581612
10000,3959.4848083783045,6040.5151916216955,361.5475571229414,36.15475571229414
15000,6640.378973031268,8359.62102696873,390.2256223840427,26.015041492269514
20000,10000.0,10000.0,405.9980348531378,20.29990174265689
30000,15000.0,15000.0,421.3337788809702,14.04445929603234
